customer_id,snapshot_date,source_system,tenure_months,monthly_fee,complaint_count_30d,region,churn_next_30d
00001,2026-08-01,legacy,2,150000,1,Tengah,0
00002,2026-08-01,legacy,3,200000,2,Timur,0
00003,2026-08-01,legacy,4,250000,3,Barat,0
00004,2026-08-01,legacy,5,300000,0,Tengah,0
00005,2026-08-01,legacy,6,100000,1,Timur,0
00006,2026-08-01,legacy,7,150000,2,Barat,0
00007,2026-08-01,legacy,8,200000,3,Tengah,1
00008,2026-08-01,legacy,9,250000,0,Timur,0
00009,2026-08-01,legacy,10,300000,1,Barat,0
00010,2026-08-01,legacy,11,100000,2,Tengah,0
00011,2026-08-01,legacy,12,150000,3,Timur,0
00012,2026-08-01,legacy,13,200000,0,Barat,0
00013,2026-08-01,legacy,14,250000,1,Tengah,0
00014,2026-08-01,legacy,15,300000,2,Timur,1
00015,2026-08-01,legacy,16,100000,3,Barat,0
00016,2026-08-01,legacy,17,150000,0,Tengah,0
00017,2026-08-01,legacy,18,200000,1,Timur,0
00018,2026-08-01,legacy,19,250000,2,Barat,0
00019,2026-08-01,legacy,20,300000,3,Tengah,0
00020,2026-08-01,legacy,21,100000,0,Timur,0
00021,2026-08-01,modern,22,150000,1,Barat,1
00022,2026-08-01,modern,23,200000,2,Tengah,0
00023,2026-08-01,modern,24,250000,3,Timur,0
00024,2026-08-01,modern,25,300000,0,Barat,0
00025,2026-08-01,modern,26,100000,1,Tengah,0
00026,2026-08-01,modern,27,150000,2,Timur,0
00027,2026-08-01,modern,28,200000,3,Barat,0
00028,2026-08-01,modern,29,250000,0,Tengah,1
00029,2026-08-01,modern,30,300000,1,Timur,0
00030,2026-08-01,modern,31,100000,2,Barat,0
00031,2026-08-01,modern,32,150000,3,Tengah,0
00032,2026-08-01,modern,33,200000,0,Timur,0
00033,2026-08-01,modern,34,250000,1,Barat,0
00034,2026-08-01,modern,35,300000,2,Tengah,0
00035,2026-08-01,modern,36,100000,3,Timur,1
00036,2026-08-01,modern,37,150000,0,Barat,0
00037,2026-08-01,modern,38,200000,1,Tengah,0
00038,2026-08-01,modern,39,250000,2,Timur,0
00039,2026-08-01,modern,40,300000,3,Barat,0
00040,2026-08-01,modern,41,100000,0,Tengah,0
00041,2026-08-01,modern,42,150000,1,Timur,0
00042,2026-08-01,modern,43,200000,2,Barat,1
00043,2026-08-01,modern,44,250000,3,Tengah,0
00044,2026-08-01,modern,45,300000,0,Timur,0
00045,2026-08-01,modern,46,100000,1,Barat,0
00046,2026-08-01,modern,47,150000,2,Tengah,0
00047,2026-08-01,modern,48,200000,3,Timur,0
00048,2026-08-01,modern,1,250000,0,Barat,0
00049,2026-08-01,modern,2,300000,1,Tengah,1
00050,2026-08-01,modern,3,100000,2,Timur,0
00051,2026-08-01,modern,4,-150000,3,Barat,0
00052,2026-08-01,modern,5,200000,0,Tengah,0
00053,2026-08-01,modern,6,250000,1,Timur,0
00054,2026-08-01,modern,7,300000,2,Barat,0
00055,2026-08-01,modern,8,100000,3,Tengah,0
00056,2026-08-01,modern,9,150000,0,Timur,1
00057,2026-08-01,modern,10,200000,1,Barat,0
00058,2026-08-01,modern,11,250000,2,Tengah,0
00059,2026-08-01,modern,12,300000,3,Timur,0
00060,2026-08-01,modern,13,100000,0,Barat,0
00061,2026-08-01,modern,14,-150000,1,Tengah,0
00062,2026-08-01,modern,15,200000,2,Timur,0
00063,2026-08-01,modern,16,250000,3,Barat,1
00064,2026-08-01,modern,17,300000,0,Tengah,0
00065,2026-08-01,modern,18,100000,1,Timur,0
00066,2026-08-01,modern,19,150000,2,Barat,0
00067,2026-08-01,modern,20,200000,3,Tengah,0
00068,2026-08-01,modern,21,250000,0,Timur,0
00069,2026-08-01,modern,22,300000,1,Barat,0
00070,2026-08-01,modern,23,100000,2,Tengah,1
00071,2026-08-01,modern,24,-150000,3,Timur,0
00072,2026-08-01,modern,25,200000,0,Barat,0
00073,2026-08-01,modern,26,250000,1,Tengah,0
00074,2026-08-01,modern,27,300000,2,Timur,0
00075,2026-08-01,modern,28,100000,3,Barat,0
00076,2026-08-01,modern,29,150000,0,Tengah,0
00077,2026-08-01,modern,30,200000,1,Timur,1
00078,2026-08-01,modern,31,250000,2,Barat,0
00079,2026-08-01,modern,32,300000,3,Tengah,0
00080,2026-08-01,modern,33,100000,0,Timur,0
00081,2026-08-01,modern,34,150000,1,Barat,0
00082,2026-08-01,modern,35,200000,2,Tengah,0
00083,2026-08-01,modern,36,250000,3,Timur,0
00084,2026-08-01,modern,37,300000,0,Barat,1
00085,2026-08-01,modern,38,100000,1,Tengah,0
00086,2026-08-01,modern,39,150000,2,Timur,0
00087,2026-08-01,modern,40,200000,3,Barat,0
00088,2026-08-01,modern,41,250000,0,Tengah,0
00089,2026-08-01,modern,42,300000,1,Timur,0
00090,2026-08-01,modern,43,100000,2,Barat,0
00091,2026-08-01,modern,44,150000,3,Tengah,1
00092,2026-08-01,modern,45,200000,0,Timur,0
00093,2026-08-01,modern,46,250000,1,Barat,0
00094,2026-08-01,modern,47,300000,2,Tengah,0
00095,2026-08-01,modern,48,100000,3,Timur,0
00096,2026-08-01,modern,1,150000,0,Barat,0
00097,2026-08-01,modern,2,200000,1,Tengah,0
00098,2026-08-01,modern,3,250000,2,Timur,1
00099,2026-08-01,modern,4,300000,3,Barat,0
,2026-08-01,modern,5,100000,0,Tengah,0
