customer_id,snapshot_date,source_system,tenure_months,monthly_fee,complaint_count_30d,region,churn_next_30d,usage_30d
1,2026-08-01,legacy,2,150000,1,Tengah,0,
2,2026-08-01,legacy,3,200000,2,Timur,0,
3,2026-08-01,legacy,4,250000,3,Barat,0,
4,2026-08-01,legacy,5,300000,0,Tengah,0,
5,2026-08-01,legacy,6,100000,1,Timur,0,
6,2026-08-01,legacy,7,150000,2,Barat,0,
7,2026-08-01,legacy,8,200000,3,Tengah,1,
8,2026-08-01,legacy,9,250000,0,Timur,0,
9,2026-08-01,legacy,10,300000,1,Barat,0,
10,2026-08-01,legacy,11,100000,2,Tengah,0,
11,2026-08-01,legacy,12,150000,3,Timur,0,
12,2026-08-01,legacy,13,200000,0,Barat,0,
13,2026-08-01,legacy,14,250000,1,Tengah,0,
14,2026-08-01,legacy,15,300000,2,Timur,1,
15,2026-08-01,legacy,16,100000,3,Barat,0,
16,2026-08-01,legacy,17,150000,0,Tengah,0,
17,2026-08-01,legacy,18,200000,1,Timur,0,
18,2026-08-01,legacy,19,250000,2,Barat,0,
19,2026-08-01,legacy,20,300000,3,Tengah,0,
20,2026-08-01,legacy,21,100000,0,Timur,0,
00021,2026-08-01,modern,22,150000,1,Barat,1,26
00022,2026-08-01,modern,23,200000,2,Tengah,0,27
00023,2026-08-01,modern,24,250000,3,Timur,0,28
00024,2026-08-01,modern,25,300000,0,Barat,0,29
00025,2026-08-01,modern,26,100000,1,Tengah,0,30
00026,2026-08-01,modern,27,150000,2,Timur,0,31
00027,2026-08-01,modern,28,200000,3,Barat,0,32
00028,2026-08-01,modern,29,250000,0,Tengah,1,33
00029,2026-08-01,modern,30,300000,1,Timur,0,34
00030,2026-08-01,modern,31,100000,2,Barat,0,0
00031,2026-08-01,modern,32,150000,3,Tengah,0,36
00032,2026-08-01,modern,33,200000,0,Timur,0,37
00033,2026-08-01,modern,34,250000,1,Barat,0,38
00034,2026-08-01,modern,35,300000,2,Tengah,0,39
00035,2026-08-01,modern,36,100000,3,Timur,1,40
00036,2026-08-01,modern,37,150000,0,Barat,0,41
00037,2026-08-01,modern,38,200000,1,Tengah,0,42
00038,2026-08-01,modern,39,250000,2,Timur,0,43
00039,2026-08-01,modern,40,300000,3,Barat,0,44
00040,2026-08-01,modern,41,100000,0,Tengah,0,0
00041,2026-08-01,modern,42,150000,1,Timur,0,46
00042,2026-08-01,modern,43,200000,2,Barat,1,47
00043,2026-08-01,modern,44,250000,3,Tengah,0,48
00044,2026-08-01,modern,45,300000,0,Timur,0,49
00045,2026-08-01,modern,46,100000,1,Barat,0,50
00046,2026-08-01,modern,47,150000,2,Tengah,0,51
00047,2026-08-01,modern,48,200000,3,Timur,0,52
00048,2026-08-01,modern,1,250000,0,Barat,0,53
00049,2026-08-01,modern,2,300000,1,Tengah,1,54
00050,2026-08-01,modern,3,100000,2,Timur,0,0
00051,2026-08-01,modern,4,-150000,3,Barat,0,56
00052,2026-08-01,modern,5,200000,0,Tengah,0,57
00053,2026-08-01,modern,6,250000,1,Timur,0,58
00054,2026-08-01,modern,7,300000,2,Barat,0,59
00055,2026-08-01,modern,8,100000,3,Tengah,0,60
00056,2026-08-01,modern,9,150000,0,Timur,1,61
00057,2026-08-01,modern,10,200000,1,Barat,0,62
00058,2026-08-01,modern,11,250000,2,Tengah,0,63
00059,2026-08-01,modern,12,300000,3,Timur,0,64
00060,2026-08-01,modern,13,100000,0,Barat,0,0
00061,2026-08-01,modern,14,-150000,1,Tengah,0,66
00062,2026-08-01,modern,15,200000,2,Timur,0,67
00063,2026-08-01,modern,16,250000,3,Barat,1,68
00064,2026-08-01,modern,17,300000,0,Tengah,0,69
00065,2026-08-01,modern,18,100000,1,Timur,0,70
00066,2026-08-01,modern,19,150000,2,Barat,0,71
00067,2026-08-01,modern,20,200000,3,Tengah,0,72
00068,2026-08-01,modern,21,250000,0,Timur,0,73
00069,2026-08-01,modern,22,300000,1,Barat,0,74
00070,2026-08-01,modern,23,100000,2,Tengah,1,0
00071,2026-08-01,modern,24,-150000,3,Timur,0,6
00072,2026-08-01,modern,25,200000,0,Barat,0,7
00073,2026-08-01,modern,26,250000,1,Tengah,0,8
00074,2026-08-01,modern,27,300000,2,Timur,0,9
00075,2026-08-01,modern,28,100000,3,Barat,0,10
00076,2026-08-01,modern,29,150000,0,Tengah,0,11
00077,2026-08-01,modern,30,200000,1,Timur,1,12
00078,2026-08-01,modern,31,250000,2,Barat,0,13
00079,2026-08-01,modern,32,300000,3,Tengah,0,14
00080,2026-08-01,modern,33,100000,0,Timur,0,0
00081,2026-08-01,modern,34,150000,1,Barat,0,16
00082,2026-08-01,modern,35,200000,2,Tengah,0,17
00083,2026-08-01,modern,36,250000,3,Timur,0,18
00084,2026-08-01,modern,37,300000,0,Barat,1,19
00085,2026-08-01,modern,38,100000,1,Tengah,0,20
00086,2026-08-01,modern,39,150000,2,Timur,0,21
00087,2026-08-01,modern,40,200000,3,Barat,0,22
00088,2026-08-01,modern,41,250000,0,Tengah,0,23
00089,2026-08-01,modern,42,300000,1,Timur,0,24
00090,2026-08-01,modern,43,100000,2,Barat,0,0
00091,2026-08-01,modern,44,150000,3,Tengah,1,26
00092,2026-08-01,modern,45,200000,0,Timur,0,27
00093,2026-08-01,modern,46,250000,1,Barat,0,28
00094,2026-08-01,modern,47,300000,2,Tengah,0,29
00095,2026-08-01,modern,48,100000,3,Timur,0,30
00096,2026-08-01,modern,1,150000,0,Barat,0,31
00097,2026-08-01,modern,2,200000,1,Tengah,0,32
00098,2026-08-01,modern,3,250000,2,Timur,1,33
00099,2026-08-01,modern,4,300000,3,Barat,0,34
,2026-08-01,modern,5,100000,0,Tengah,0,
00030,2026-08-01,modern,31,100000,2,Barat,0,0
00040,2026-08-01,modern,41,100000,0,Tengah,0,0
