customer_id,snapshot_date,usage_30d
00001,2026-08-01,6
00002,2026-08-01,7
00003,2026-08-01,8
00004,2026-08-01,9
00005,2026-08-01,10
00006,2026-08-01,11
00007,2026-08-01,12
00008,2026-08-01,13
00009,2026-08-01,14
00010,2026-08-01,0
00011,2026-08-01,16
00012,2026-08-01,17
00013,2026-08-01,18
00014,2026-08-01,19
00015,2026-08-01,20
00016,2026-08-01,21
00017,2026-08-01,22
00018,2026-08-01,23
00019,2026-08-01,24
00020,2026-08-01,0
00021,2026-08-01,26
00022,2026-08-01,27
00023,2026-08-01,28
00024,2026-08-01,29
00025,2026-08-01,30
00026,2026-08-01,31
00027,2026-08-01,32
00028,2026-08-01,33
00029,2026-08-01,34
00030,2026-08-01,0
00031,2026-08-01,36
00032,2026-08-01,37
00033,2026-08-01,38
00034,2026-08-01,39
00035,2026-08-01,40
00036,2026-08-01,41
00037,2026-08-01,42
00038,2026-08-01,43
00039,2026-08-01,44
00040,2026-08-01,0
00041,2026-08-01,46
00042,2026-08-01,47
00043,2026-08-01,48
00044,2026-08-01,49
00045,2026-08-01,50
00046,2026-08-01,51
00047,2026-08-01,52
00048,2026-08-01,53
00049,2026-08-01,54
00050,2026-08-01,0
00051,2026-08-01,56
00052,2026-08-01,57
00053,2026-08-01,58
00054,2026-08-01,59
00055,2026-08-01,60
00056,2026-08-01,61
00057,2026-08-01,62
00058,2026-08-01,63
00059,2026-08-01,64
00060,2026-08-01,0
00061,2026-08-01,66
00062,2026-08-01,67
00063,2026-08-01,68
00064,2026-08-01,69
00065,2026-08-01,70
00066,2026-08-01,71
00067,2026-08-01,72
00068,2026-08-01,73
00069,2026-08-01,74
00070,2026-08-01,0
00071,2026-08-01,6
00072,2026-08-01,7
00073,2026-08-01,8
00074,2026-08-01,9
00075,2026-08-01,10
00076,2026-08-01,11
00077,2026-08-01,12
00078,2026-08-01,13
00079,2026-08-01,14
00080,2026-08-01,0
00081,2026-08-01,16
00082,2026-08-01,17
00083,2026-08-01,18
00084,2026-08-01,19
00085,2026-08-01,20
00086,2026-08-01,21
00087,2026-08-01,22
00088,2026-08-01,23
00089,2026-08-01,24
00090,2026-08-01,0
00091,2026-08-01,26
00092,2026-08-01,27
00093,2026-08-01,28
00094,2026-08-01,29
00095,2026-08-01,30
00096,2026-08-01,31
00097,2026-08-01,32
00098,2026-08-01,33
00099,2026-08-01,34
00100,2026-08-01,0
